﻿ART_TEXT,ART_CODE,SHAPE.LEN
Gemeindegrenze,1,135.980007629843
Gemeindegrenze,1,2670.57534841996
Gemeindegrenze,1,530.740785546733
Bezirksgrenze,10,6096.49816012578
Gemeindegrenze,1,1311.72372780445
Gemeindegrenze,1,616.573417326434
Gemeindegrenze,1,3821.19708741816
Gemeindegrenze,1,4979.5038568449
Gemeindegrenze,1,249.251311539485
Gemeindegrenze,1,186.914685185684
Gemeindegrenze,1,7130.24503606435
Gemeindegrenze,1,2114.98345881612
Gemeindegrenze,1,1624.11433451286
Gemeindegrenze,1,6043.53514409768
Gemeindegrenze,1,3869.21299672317
Gemeindegrenze,1,2408.61807599988
Gemeindegrenze,1,8283.93139631846
Gemeindegrenze,1,586.535822527241
Gemeindegrenze,1,4222.10975522029
Gemeindegrenze,1,3569.02488492268
Gemeindegrenze,1,1729.17626433642
Gemeindegrenze,1,462.861432570617
Bezirksgrenze,10,17698.5401013216
Gemeindegrenze,1,4285.2310664159
Gemeindegrenze,1,5045.05288508797
Bezirksgrenze,10,1.94851779839174
Gemeindegrenze,1,6746.91508171334
Bezirksgrenze,10,14182.8630545581
Gemeindegrenze,1,235.940389833108
Gemeindegrenze,1,4587.13004572615
Gemeindegrenze,1,6703.38734100854
Gemeindegrenze,1,2032.62570989792
Gemeindegrenze,1,1872.41551768895
Gemeindegrenze,1,4013.08642296518
Gemeindegrenze,1,2769.52093952633
Gemeindegrenze,1,5681.77622110859
Gemeindegrenze,1,5699.49659611913
Gemeindegrenze,1,2152.28317825281
Gemeindegrenze,1,1342.40743095398
Gemeindegrenze,1,3924.91823729276
Gemeindegrenze,1,1141.02858271536
Gemeindegrenze,1,471.021580627786
Kantonsgrenze,20,538.014962315255
Gemeindegrenze,1,468.890574744263
Gemeindegrenze,1,1717.3321147521
Gemeindegrenze,1,534.34379588809
Gemeindegrenze,1,4124.52508826134
Gemeindegrenze,1,2620.18230439531
Gemeindegrenze,1,3040.95532448293
Bezirksgrenze,10,17592.14732038
Bezirksgrenze,10,5032.31142296177
Gemeindegrenze,1,840.275497846683
Gemeindegrenze,1,1193.83775610668
Gemeindegrenze,1,2739.60169721669
Gemeindegrenze,1,299.841267670225
Gemeindegrenze,1,3376.02456446606
Bezirksgrenze,10,18697.2819562565
Gemeindegrenze,1,2873.68959820523
Gemeindegrenze,1,2218.15591873388
Gemeindegrenze,1,615.444309109121
Gemeindegrenze,1,1343.02052948649
Gemeindegrenze,1,7123.7144278429
Gemeindegrenze,1,1695.9687352481
Gemeindegrenze,1,6528.84379681242
Gemeindegrenze,1,94.2997424877349
Gemeindegrenze,1,2982.66855567372
Gemeindegrenze,1,1363.40382757058
Gemeindegrenze auf Seefläche,2,953.715829242319
Gemeindegrenze,1,4309.8465930381
Gemeindegrenze,1,8849.7664469685
Gemeindegrenze,1,871.927601496181
Gemeindegrenze,1,5317.46251338884
Gemeindegrenze,1,1237.92751964364
Gemeindegrenze,1,2160.66555018979
Gemeindegrenze,1,1770.9468831196
Gemeindegrenze,1,1394.58464990987
Gemeindegrenze,1,4710.01450192461
Gemeindegrenze,1,7805.3294111768
Gemeindegrenze,1,2593.16522248715
Bezirksgrenze,10,9127.27771870876
Gemeindegrenze,1,3400.39513786685
Gemeindegrenze,1,5801.51824842748
Gemeindegrenze,1,2099.99717883277
Gemeindegrenze,1,1358.82171010455
Gemeindegrenze,1,3246.44534320765
Gemeindegrenze,1,4478.39637332626
Gemeindegrenze,1,6683.20585668852
Bezirksgrenze,10,92.429655745968
Gemeindegrenze,1,1464.20027056922
Gemeindegrenze,1,2447.86690663504
Gemeindegrenze und Seeufer,3,29264.7482606256
Gemeindegrenze,1,2814.76270320576
Bezirksgrenze auf Seefläche,11,2007.4210069937
Gemeindegrenze,1,242.994837328286
Gemeindegrenze,1,277.503442639635
Bezirksgrenze,10,6376.0276589325
Gemeindegrenze,1,2219.46418690223
Kantonsgrenze,20,128335.368590673
Gemeindegrenze,1,786.549043489835
Gemeindegrenze,1,5871.27829031081
Gemeindegrenze,1,3440.87457368122
Gemeindegrenze,1,920.303365613651
Gemeindegrenze,1,4682.32492063408
Gemeindegrenze,1,1747.27607591296
Gemeindegrenze,1,4639.22565391487
Gemeindegrenze,1,4836.90199863562
Gemeindegrenze,1,2078.44680250333
Gemeindegrenze,1,3568.1244435694
Bezirksgrenze,10,11526.4900729062
Gemeindegrenze,1,193.278963803725
Gemeindegrenze,1,3023.22773102153
Gemeindegrenze,1,4294.77283541096
Gemeindegrenze,1,4931.96563964294
Gemeindegrenze,1,533.841814309388
Gemeindegrenze,1,8374.20848540668
Gemeindegrenze,1,2785.74289769122
Gemeindegrenze,1,1197.41358669397
Gemeindegrenze,1,5612.97825812693
Gemeindegrenze,1,1339.80726452398
Gemeindegrenze,1,1518.85001325125
Gemeindegrenze,1,5335.51657993087
Gemeindegrenze,1,6920.75143042174
Gemeindegrenze,1,2664.92386445803
Gemeindegrenze,1,2199.88778549325
Gemeindegrenze,1,2098.69745128258
Gemeindegrenze,1,376.664790726614
Gemeindegrenze,1,5337.7443978738
Bezirksgrenze,10,15468.7269990812
Gemeindegrenze,1,1743.00743937368
Gemeindegrenze,1,3011.12104305538
Gemeindegrenze,1,885.577500433541
Gemeindegrenze,1,3787.81393934713
Gemeindegrenze,1,4255.670214939
Gemeindegrenze,1,2369.19021543602
Gemeindegrenze,1,479.20787361317
Bezirksgrenze,10,4171.35592318656
Bezirksgrenze,10,2869.71121899095
Bezirksgrenze auf Seefläche,11,718.705923746201
Gemeindegrenze,1,3689.4884548523
Gemeindegrenze,1,5619.22756212154
Gemeindegrenze,1,3552.06955278272
Gemeindegrenze,1,3190.61009667815
Gemeindegrenze,1,4798.29132664215
Gemeindegrenze,1,2305.65234673454
Gemeindegrenze,1,5661.71599502668
Gemeindegrenze und Seeufer,3,34157.515631077
Bezirksgrenze,10,5938.32114093251
Gemeindegrenze,1,4072.95048303021
Gemeindegrenze,1,274.77778845016
Bezirksgrenze,10,5748.16531775201
Gemeindegrenze,1,1265.50269579662
Gemeindegrenze,1,3187.43304757074
Gemeindegrenze,1,1347.13193320969
Gemeindegrenze,1,2262.26410130436
Gemeindegrenze,1,2861.24440050198
Bezirksgrenze,10,31448.4046539667
Gemeindegrenze,1,4249.23240055622
Gemeindegrenze,1,2200.20207863006
Gemeindegrenze,1,6722.73755007744
Gemeindegrenze,1,7897.87426936115
Gemeindegrenze,1,2737.11098382543
Gemeindegrenze,1,1744.58259177231
Gemeindegrenze,1,1912.36581755448
Gemeindegrenze,1,762.403222387558
Gemeindegrenze,1,3052.81718073862
Gemeindegrenze,1,3491.20154402097
Gemeindegrenze,1,6740.48726868612
Bezirksgrenze,10,64.285516175963
Gemeindegrenze,1,8015.46546560198
Gemeindegrenze,1,3202.13432285142
Gemeindegrenze,1,3663.87212942713
Gemeindegrenze,1,738.470421334593
Gemeindegrenze,1,1733.0755460596
Bezirksgrenze,10,23595.1157172954
Gemeindegrenze,1,7474.96668112422
Kantonsgrenze,20,174124.518605495
Gemeindegrenze,1,4761.71632428502
Gemeindegrenze,1,2946.39950595472
Gemeindegrenze,1,7124.58180888706
Gemeindegrenze,1,829.329802367805
Gemeindegrenze,1,6753.56383180149
Gemeindegrenze,1,7835.88543973276
Gemeindegrenze,1,3046.93971820878
Gemeindegrenze,1,2299.88166795605
Gemeindegrenze,1,6018.27248381734
Gemeindegrenze,1,2969.90505117383
Gemeindegrenze,1,3101.01883849185
Gemeindegrenze,1,4082.26431810706
Gemeindegrenze,1,4472.39088019602
Gemeindegrenze,1,3404.4887852799
Gemeindegrenze,1,3763.76799141709
Gemeindegrenze,1,4727.94486386121
Gemeindegrenze,1,2847.15111560813
Gemeindegrenze,1,3310.24376078297
Gemeindegrenze,1,2024.74670389431
Gemeindegrenze,1,4616.06016130256
Bezirksgrenze,10,9857.89545518089
Gemeindegrenze,1,880.562177756844
Gemeindegrenze,1,4315.93694263226
Gemeindegrenze,1,1379.93695991738
Gemeindegrenze,1,4760.88120806531
Gemeindegrenze,1,1348.81857307534
Bezirksgrenze,10,13461.9273533558
Gemeindegrenze,1,3784.24969209035
Gemeindegrenze,1,1765.43708278285
Gemeindegrenze,1,1291.10680277168
Gemeindegrenze,1,3575.31810647245
Gemeindegrenze,1,3361.32255020063
Gemeindegrenze,1,2537.20312720051
Gemeindegrenze und Seeufer,3,18707.6106320507
Gemeindegrenze,1,2597.58057913656
Gemeindegrenze,1,1994.97284847339
Gemeindegrenze,1,2096.02365014419
Gemeindegrenze,1,3544.82379576541
Gemeindegrenze,1,554.503859899943
Kantonsgrenze auf Seefläche,21,9987.41230536344
Gemeindegrenze,1,2028.5503840531
Bezirksgrenze,10,1395.58532752094
Gemeindegrenze,1,6144.64090299818
Gemeindegrenze,1,2120.10449473036
Gemeindegrenze,1,3370.95471054478
Gemeindegrenze,1,7242.25673891524
Gemeindegrenze,1,1363.45991477382
Gemeindegrenze,1,365.900836093026
Gemeindegrenze,1,5744.80878527267
Gemeindegrenze,1,2386.39181937997
Gemeindegrenze,1,2507.44542665471
Bezirksgrenze,10,27589.3091399184
Gemeindegrenze,1,4268.17571816952
Gemeindegrenze,1,4022.64989947163
Gemeindegrenze,1,384.2690468766
Gemeindegrenze,1,311.83747288744
Gemeindegrenze,1,4457.29941462021
Gemeindegrenze,1,426.040734667037
Gemeindegrenze,1,2685.33481534238
Gemeindegrenze,1,3542.07584422191
Bezirksgrenze,10,2191.50995921443
Gemeindegrenze,1,715.091080582615
Gemeindegrenze,1,684.110039607657
Gemeindegrenze,1,7023.9931777178
Gemeindegrenze,1,4101.05881564545
Gemeindegrenze,1,3026.54401609231
Gemeindegrenze,1,6009.03211860266
Gemeindegrenze,1,3729.82499920253
Gemeindegrenze,1,306.094562058529
Gemeindegrenze,1,4159.95928988867
Gemeindegrenze,1,2543.7463192779
Gemeindegrenze,1,1732.71538610727
Gemeindegrenze,1,1066.65050349203
Gemeindegrenze,1,7513.40199167636
Gemeindegrenze,1,1931.50751182276
Gemeindegrenze,1,4371.24748532852
Gemeindegrenze,1,4797.47549570816
Gemeindegrenze,1,1444.1521242104
Gemeindegrenze,1,5245.71610892823
Gemeindegrenze,1,3725.38961118168
Gemeindegrenze,1,5062.21439709911
Gemeindegrenze,1,2308.88455085474
Gemeindegrenze,1,5790.14148280745
Gemeindegrenze,1,2294.40453543914
Gemeindegrenze,1,4591.56890840201
Gemeindegrenze,1,4013.80966755793
Gemeindegrenze,1,1933.98183890052
Gemeindegrenze,1,1410.37163522632
Gemeindegrenze,1,829.630633962363
Gemeindegrenze,1,3765.6911089135
Gemeindegrenze,1,3108.09149439829
Gemeindegrenze,1,146.279335896341
Gemeindegrenze,1,473.150527627128
Gemeindegrenze,1,758.561526221733
Bezirksgrenze,10,4492.04377574688
Bezirksgrenze auf Seefläche,11,342.389152803838
Gemeindegrenze,1,392.41905679705
Gemeindegrenze,1,3061.58459064776
Gemeindegrenze,1,2489.04826134611
Gemeindegrenze,1,2863.85840522551
Gemeindegrenze,1,1534.09899778038
Gemeindegrenze,1,2158.55081951898
Gemeindegrenze,1,191.139836215274
Gemeindegrenze,1,2805.4441895843
Gemeindegrenze,1,4517.15988254847
Gemeindegrenze,1,3697.09898388765
Gemeindegrenze,1,5248.47942922143
Gemeindegrenze,1,2228.93528468733
Gemeindegrenze,1,3869.94107345272
Gemeindegrenze,1,1095.55926075346
Gemeindegrenze,1,391.302232160063
Gemeindegrenze,1,1007.84819335925
Gemeindegrenze,1,6421.08923439641
Gemeindegrenze,1,2521.05229296394
Gemeindegrenze,1,4792.50190945778
Gemeindegrenze,1,345.01853861339
Gemeindegrenze,1,559.072780644857
Gemeindegrenze,1,284.080420439082
Gemeindegrenze,1,3637.43532242459
Bezirksgrenze,10,40106.5786125045
Gemeindegrenze,1,91.3485101592725
Gemeindegrenze,1,3826.83164753732
Gemeindegrenze,1,5675.86205666841
Gemeindegrenze,1,1981.86971446826
Gemeindegrenze,1,3576.59393765029
Gemeindegrenze,1,4366.3329882418
Gemeindegrenze,1,6265.76794928382
Gemeindegrenze,1,5994.63639070771
Gemeindegrenze,1,1396.69612914775
Gemeindegrenze,1,1511.42901424073
Gemeindegrenze,1,3000.85478874887
Gemeindegrenze,1,2453.76466472991
Gemeindegrenze,1,9000.00894586632
Gemeindegrenze,1,3217.02893885554
Gemeindegrenze,1,6437.38881668499
Gemeindegrenze,1,5040.0579408531
Gemeindegrenze,1,408.365757291419
Gemeindegrenze,1,256.498924695602
Gemeindegrenze,1,2996.60887785645
Gemeindegrenze,1,6534.85121896134
Gemeindegrenze,1,3330.60458047443
Gemeindegrenze,1,3695.7957753157
Gemeindegrenze,1,947.781600520315
Gemeindegrenze auf Seefläche,2,857.160804837029
Gemeindegrenze,1,3969.47064786609
Gemeindegrenze,1,928.585779554822
Gemeindegrenze,1,1779.51839952029
Gemeindegrenze,1,3904.82780425737
Gemeindegrenze,1,2970.58566749791
Gemeindegrenze,1,5019.56136307399
Gemeindegrenze,1,377.562510324187
Gemeindegrenze,1,2843.29258475405
Bezirksgrenze,10,11130.878007806
Gemeindegrenze,1,4816.15914739641
Gemeindegrenze,1,1766.72171865807
Gemeindegrenze,1,3135.26875802315
Gemeindegrenze,1,3517.4878858313
Gemeindegrenze,1,10218.2792223141
Gemeindegrenze,1,5843.14768455853
Gemeindegrenze,1,1905.67042433825
Gemeindegrenze,1,3012.949313166
Gemeindegrenze,1,1095.02232333274
Gemeindegrenze,1,3248.63543999768
Bezirksgrenze,10,7652.39580258895
Gemeindegrenze,1,4600.33977289419
Gemeindegrenze,1,3069.87641453019
Gemeindegrenze,1,652.399238714174
Gemeindegrenze,1,2719.60198604321
Gemeindegrenze,1,418.062737501122
Gemeindegrenze,1,1832.68981785889
Gemeindegrenze,1,9929.70739179699
Gemeindegrenze,1,4792.0435152134
Gemeindegrenze,1,3712.52177915448
Bezirksgrenze auf Seefläche,11,1951.86315087883
Gemeindegrenze,1,10087.211750777
Gemeindegrenze,1,4278.41251832629
Gemeindegrenze,1,1013.49366513102
