﻿BFS,ARPS,BEZIRKSNAME,ART_TEXT,GEMEINDENAME,ART_CODE,AREA_ROUND,SHAPE.AREA,SHAPE.LEN
298,500,Winterthur,Gemeinde,Wiesendangen,1,,19174606.9765618,29292.786114955
226,110,Winterthur,Gemeinde,Schlatt (ZH),1,,8965605.55744909,17728.6578018243
196,82,Uster,Exklave einer Gemeinde,Mönchaltorf,2,,316611.41925765,3834.99863284905
296,502,Pfäffikon,Gemeinde,Illnau-Effretikon,1,,32906364.5631202,36274.7858500888
231,116,Winterthur,Gemeinde,Zell (ZH),1,,12973785.7442742,23044.3067402129
32,129,Andelfingen,Gemeinde,Humlikon,1,,3677907.70117415,14757.3797286772
30,119,Andelfingen,Gemeinde,Andelfingen,1,,6735109.07137367,18071.4390575674
41,138,Andelfingen,Gemeinde,Truttikon,1,,4410938.82601213,10920.3309916763
158,47,Meilen,Gemeinde,Stäfa,1,,8579448.94843408,19382.5098737762
60,151,Bülach,Gemeinde,Höri,1,,4786369.96308037,12788.3531143863
102,169,Dielsdorf,Gemeinde,Weiach,1,,9577697.2333201,15021.1149547382
136,32,Horgen,Gemeinde,Langnau am Albis,1,,8665825.01753032,16021.0553333137
141,37,Horgen,Gemeinde,Thalwil,1,,5504512.78854386,11640.7261775419
151,40,Meilen,Gemeinde,Erlenbach (ZH),1,,2886452.51391611,12947.7891980029
195,56,Uster,Gemeinde,Maur,1,,14772412.8147331,24064.0118124555
54,52,Bülach,Gemeinde,Dietlikon,1,,4247795.37708259,12679.5726910647
64,57,Bülach,Gemeinde,Nürensdorf,1,,10041910.6904161,18477.4154052399
38,135,Andelfingen,Gemeinde,Rheinau,1,,8944543.99817098,21484.7409551883
25,123,Andelfingen,Gemeinde,Dachsen,1,,2703040.05460729,9552.23615189754
155,44,Meilen,Gemeinde,Männedorf,1,,4763206.5787271,11140.219652462
39,136,Andelfingen,Gemeinde,Thalheim an der Thur,1,,6442349.26345526,15050.5688620412
294,504,Winterthur,Gemeinde,Elgg,1,,24393085.2346638,32602.640037166
113,74,Hinwil,Gemeinde,Dürnten,1,,10217875.2197867,18001.5351974135
112,73,Hinwil,Gemeinde,Bubikon,1,,11612567.059661,19109.5757748621
0,0,,See,,3,,3101359.12354201,8953.95074748748
33,130,Andelfingen,Gemeinde,Kleinandelfingen,1,,10293234.3514984,23001.7606342406
250,11,Dietikon,Gemeinde,Urdorf,1,,7582752.27279144,14306.5567669816
246,7,Dietikon,Gemeinde,Oetwil an der Limmat,1,,2765207.72690531,10015.7903253836
244,5,Dietikon,Gemeinde,Geroldswil,1,,1933271.49271463,7597.26270292132
7,19,Affoltern,Gemeinde,Knonau,1,,6465999.40713037,15725.8717441764
83,65,Dielsdorf,Gemeinde,Buchs (ZH),1,,5842744.32396317,13698.0008249649
89,155,Dielsdorf,Gemeinde,Niederglatt,1,,3603337.97141136,11123.196484249
131,27,Horgen,Gemeinde,Adliswil,1,,7768042.24731899,14890.596911691
53,144,Bülach,Gemeinde,Bülach,1,,16088763.7825649,23674.6793793545
56,147,Bülach,Gemeinde,Embrach,1,,12695325.7499897,19450.5001267779
68,163,Bülach,Gemeinde,Rorbas,1,,4436072.39359977,11939.3198019247
193,54,Uster,Gemeinde,Fällanden,1,,6350781.30877247,13277.5289175587
176,106,Pfäffikon,Gemeinde,Lindau,1,,11987163.8005574,23385.2570844296
221,102,Winterthur,Gemeinde,Hettlingen,1,,5899756.88640214,13863.0404828555
220,101,Winterthur,Gemeinde,Hagenbuch,1,,8126159.73966466,16164.3265863156
119,86,Hinwil,Gemeinde,Seegräben,1,,3389711.42193358,10206.9240797944
87,68,Dielsdorf,Gemeinde,Hüttikon,1,,1589113.01336829,7539.18020662737
94,69,Dielsdorf,Gemeinde,Otelfingen,1,,7146620.66268649,17550.9297021493
85,67,Dielsdorf,Gemeinde,Dänikon,1,,2865488.07345464,9120.56123035873
93,160,Dielsdorf,Gemeinde,Oberweningen,1,,4944526.15420192,19100.2178182358
81,143,Dielsdorf,Gemeinde,Bachs,1,,9132138.25415705,17136.5679185295
261,1,Zürich,Gemeinde,Zürich,1,,87746275.1961888,66872.6412744553
248,9,Dietikon,Gemeinde,Uitikon,1,,4378204.98504875,14116.0447778267
249,10,Dietikon,Gemeinde,Unterengstringen,1,,3336931.98805667,12624.2423964241
86,145,Dielsdorf,Gemeinde,Dielsdorf,1,,5865062.69090199,14479.8691494363
59,150,Bülach,Gemeinde,Hochfelden,1,,6168778.36428404,12951.0437842419
71,170,Bülach,Gemeinde,Wil (ZH),1,,8937657.34739006,18776.6064618669
0,0,,See,,3,,529380.347640645,4118.47286387936
4,16,Affoltern,Gemeinde,Hausen am Albis,1,,13339868.561605,24903.0097205442
23,121,Andelfingen,Gemeinde,Berg am Irchel,1,,7012534.75124319,12640.5196500692
293,505,Horgen,Gemeinde,Wädenswil,1,,35614743.667288,37007.9809695804
156,45,Meilen,Gemeinde,Meilen,1,,11938771.0251685,20185.6297684314
0,0,,See,,3,,8303099.25423487,18707.6114247992
52,51,Bülach,Gemeinde,Bassersdorf,1,,9026381.84386419,17870.9806077881
200,63,Uster,Gemeinde,Wangen-Brüttisellen,1,,7918929.99521488,14270.0013129206
22,120,Andelfingen,Gemeinde,Benken (ZH),1,,5656949.93406586,13682.7315195983
157,46,Meilen,Gemeinde,Oetwil am See,1,,6107147.84480943,14730.7736930019
216,97,Winterthur,Gemeinde,Dinhard,1,,7070153.35895111,16695.8153243351
118,85,Hinwil,Gemeinde,Rüti (ZH),1,,10059084.567004,19402.4822459415
181,91,Pfäffikon,Gemeinde,Wila,1,,9189228.21410959,29373.2685603424
172,75,Pfäffikon,Gemeinde,Fehraltorf,1,,9470505.96548155,18005.4881822038
0,0,,Insel,,0,,112398.030876665,1570.83510861127
243,4,Dietikon,Gemeinde,Dietikon,1,,9335030.93238556,24646.3682078106
242,3,Dietikon,Gemeinde,Birmensdorf (ZH),1,,11417912.7717437,23189.9144741924
241,2,Dietikon,Gemeinde,Aesch (ZH),1,,5243921.02051513,11429.3497153225
14,26,Affoltern,Gemeinde,Wettswil am Albis,1,,3770520.50089875,11544.8981207238
3,15,Affoltern,Gemeinde,Bonstetten,1,,7430723.40506542,16043.4880773961
13,25,Affoltern,Gemeinde,Stallikon,1,,12017495.8312727,24301.8795554015
247,8,Dietikon,Gemeinde,Schlieren,1,,6593785.38689339,12979.5249691198
96,70,Dielsdorf,Gemeinde,Regensdorf,1,,14461443.4590356,20886.7864235611
101,167,Dielsdorf,Gemeinde,Steinmaur,1,,9392959.92320569,20453.5737061173
70,168,Bülach,Gemeinde,Wasterkingen,1,,3958534.77078423,9941.25141863816
61,152,Bülach,Gemeinde,Hüntwangen,1,,4908509.19780016,10457.9748319054
139,35,Horgen,Gemeinde,Rüschlikon,1,,2933745.24242185,8881.19593701029
161,49,Meilen,Gemeinde,Zollikon,1,,7854663.62239303,15610.4318971649
92,159,Dielsdorf,Gemeinde,Oberglatt,1,,8248613.88199534,16843.9488524644
28,126,Andelfingen,Gemeinde,Flaach,1,,10174221.1406184,16860.8101548133
215,96,Winterthur,Gemeinde,Dättlikon,1,,2883737.03655587,9159.44625500977
26,124,Andelfingen,Gemeinde,Dorf,1,,5557164.7444375,13633.4334154629
34,131,Andelfingen,Gemeinde,Laufen-Uhwiesen,1,,6281809.68725006,18498.5443849247
227,111,Winterthur,Gemeinde,Seuzach,1,,7563497.24306497,15992.0691750114
230,115,Winterthur,Gemeinde,Winterthur,1,,68070607.0636396,60434.9457826518
292,506,Andelfingen,Gemeinde,Stammheim,1,,23953805.3721778,27393.7366024123
120,89,Hinwil,Gemeinde,Wald (ZH),1,,25264911.1050476,33893.424490482
114,76,Hinwil,Gemeinde,Fischenthal,1,,30241297.5631943,33158.1869942694
297,501,Pfäffikon,Gemeinde,Bauma,1,,29531862.2872835,33141.502549868
178,84,Pfäffikon,Gemeinde,Russikon,1,,14214568.7960376,22158.1534341406
40,137,Andelfingen,Gemeinde,Trüllikon,1,,9556234.20509219,20137.3826858756
214,95,Winterthur,Gemeinde,Dägerlen,1,,7954015.69924769,17891.1128111702
0,0,,Insel,,0,,35000.935145735,817.183144633223
11,23,Affoltern,Gemeinde,Ottenbach,1,,5021951.87933616,11355.2532450251
91,157,Dielsdorf,Gemeinde,Niederweningen,1,,6844657.11104298,16979.3878813132
98,164,Dielsdorf,Gemeinde,Schleinikon,1,,5679480.79302561,16098.969939149
6,18,Affoltern,Gemeinde,Kappel am Albis,1,,7914869.76210712,18910.4551744128
84,66,Dielsdorf,Gemeinde,Dällikon,1,,4506355.13731043,9645.90101058936
58,149,Bülach,Gemeinde,Glattfelden,1,,11897107.6826086,21165.2929332966
58,149,Bülach,Exklave einer Gemeinde,Glattfelden,2,,396118.61465623,2835.68685541069
295,503,Horgen,Gemeinde,Horgen,1,,30827523.5465054,32535.6230476312
137,33,Horgen,Gemeinde,Oberrieden,1,,2789213.85128122,8615.55914190359
191,53,Uster,Gemeinde,Dübendorf,1,,13621277.6912681,21169.052443812
66,58,Bülach,Gemeinde,Opfikon,1,,5587597.81284154,12556.2512280315
69,62,Bülach,Gemeinde,Wallisellen,1,,6419112.69422733,14319.3278383243
197,60,Uster,Gemeinde,Schwerzenbach,1,,2640712.89091505,8620.05896604112
194,78,Uster,Gemeinde,Greifensee,1,,2287770.29737633,9825.61556089258
35,132,Andelfingen,Gemeinde,Marthalen,1,,14130254.9784812,25993.1515503011
196,82,Uster,Gemeinde,Mönchaltorf,1,,7261656.07265823,17588.6055232674
198,88,Uster,Gemeinde,Uster,1,,28482541.1509649,30071.6193491566
225,109,Winterthur,Gemeinde,Rickenbach (ZH),1,,6025112.23110314,14271.8258797765
219,100,Winterthur,Gemeinde,Elsau,1,,8067389.07737171,17827.2175253544
117,80,Hinwil,Gemeinde,Hinwil,1,,22281681.2200555,33253.6616255375
111,71,Hinwil,Gemeinde,Bäretswil,1,,22191884.2434411,29230.2086745389
182,92,Pfäffikon,Gemeinde,Wildberg,1,,10566254.9792219,25557.1907183253
115,77,Hinwil,Gemeinde,Gossau (ZH),1,,18262162.239663,27467.5621583575
180,113,Pfäffikon,Gemeinde,Weisslingen,1,,12807804.4959185,20824.1523215927
31,128,Andelfingen,Gemeinde,Henggart,1,,3032907.61380391,10759.3223341334
99,165,Dielsdorf,Gemeinde,Schöfflisdorf,1,,4012750.4162758,14242.6003398666
95,162,Dielsdorf,Gemeinde,Regensberg,1,,2366116.25608261,10469.0999748009
8,20,Affoltern,Gemeinde,Maschwanden,1,,4688029.17336912,10799.6062747058
9,21,Affoltern,Gemeinde,Mettmenstetten,1,,13027040.0912703,26994.0355932604
245,6,Dietikon,Gemeinde,Oberengstringen,1,,2153153.27869867,9146.49072152658
90,156,Dielsdorf,Gemeinde,Niederhasli,1,,11302783.070085,22599.9651602351
88,154,Dielsdorf,Gemeinde,Neerach,1,,6042054.70289359,13583.1427165301
55,146,Bülach,Gemeinde,Eglisau,1,,9062486.28050291,25599.9613718502
62,55,Bülach,Gemeinde,Kloten,1,,19272541.0507064,27685.4401825992
51,142,Bülach,Gemeinde,Bachenbülach,1,,4314161.25179519,13098.772368316
57,148,Bülach,Gemeinde,Freienstein-Teufen,1,,8403997.07128576,16584.6251280037
138,34,Horgen,Gemeinde,Richterswil,1,,7530865.34056631,14456.7504000587
160,50,Meilen,Gemeinde,Zumikon,1,,5480728.80546153,13591.9244696534
192,39,Uster,Gemeinde,Egg,1,,14527979.1740871,24188.4181626526
199,61,Uster,Gemeinde,Volketswil,1,,14042338.8700582,23877.4880449049
65,158,Bülach,Gemeinde,Oberembrach,1,,10256584.733957,19585.5251584155
43,140,Andelfingen,Gemeinde,Volken,1,,3202403.23640629,11285.9581699855
218,99,Winterthur,Gemeinde,Ellikon an der Thur,1,,5017273.35922745,12172.625871304
0,0,,See,,3,,87833351.9263827,119944.78517449
173,81,Pfäffikon,Gemeinde,Hittnau,1,,12955399.0969377,20612.4892885246
228,112,Winterthur,Gemeinde,Turbenthal,1,,25217827.8326353,39195.1695589813
177,83,Pfäffikon,Gemeinde,Pfäffikon,1,,17206310.4632186,39665.9256792005
2,14,Affoltern,Gemeinde,Affoltern am Albis,1,,10592972.9138575,21956.1737270892
12,24,Affoltern,Gemeinde,Rifferswil,1,,6509791.98405747,15891.2533675368
0,0, ,ausserkantonale Enklave (Kloster Fahr), ,4,,14869.3873673,538.014962315254
135,31,Horgen,Gemeinde,Kilchberg (ZH),1,,2578563.05117906,8868.56999217784
63,153,Bülach,Gemeinde,Lufingen,1,,5180657.6906351,11897.7459818156
159,48,Meilen,Gemeinde,Uetikon am See,1,,3456840.71235373,9339.22911002247
152,41,Meilen,Gemeinde,Herrliberg,1,,8985738.89000194,15898.3338107906
224,108,Winterthur,Gemeinde,Pfungen,1,,4986721.56811403,12942.9018778051
213,94,Winterthur,Gemeinde,Brütten,1,,6596848.73498098,13729.6819245112
24,122,Andelfingen,Gemeinde,Buch am Irchel,1,,10209850.1981681,19135.6153844568
223,107,Winterthur,Gemeinde,Neftenbach,1,,15068194.7912449,22646.8090657464
27,125,Andelfingen,Gemeinde,Feuerthalen,1,,2481539.5182061,7990.95056625179
211,118,Winterthur,Gemeinde,Altikon,1,,7697251.06582438,13908.1447806415
116,79,Hinwil,Gemeinde,Grüningen,1,,8784455.77987379,16796.7710651077
153,42,Meilen,Gemeinde,Hombrechtikon,1,,12187428.9026526,20454.4392655023
121,90,Hinwil,Gemeinde,Wetzikon (ZH),1,,16408137.9743586,27013.3005848315
21,117,Andelfingen,Gemeinde,Adlikon,1,,6575079.83426876,23577.1648293872
37,134,Andelfingen,Gemeinde,Ossingen,1,,13092009.5792562,27696.1624312683
10,22,Affoltern,Gemeinde,Obfelden,1,,7543832.5447411,15915.5885890054
82,64,Dielsdorf,Gemeinde,Boppelsen,1,,3964237.44028034,10603.535646165
1,13,Affoltern,Gemeinde,Aeugst am Albis,1,,7645476.78005096,15861.5481213623
5,17,Affoltern,Gemeinde,Hedingen,1,,6529347.26730997,13764.0793798669
251,12,Dietikon,Gemeinde,Weiningen (ZH),1,,5374287.3778672,13297.7292875855
0,0,,See,,3,,342664.784149825,3591.35494807442
100,166,Dielsdorf,Gemeinde,Stadel,1,,12885619.3851123,18605.4401925773
154,43,Meilen,Gemeinde,Küsnacht (ZH),1,,12363826.161345,24491.4670307202
97,59,Dielsdorf,Gemeinde,Rümlang,1,,12413718.7525645,18878.7069352988
72,171,Bülach,Gemeinde,Winkel,1,,8113264.11322266,18340.8760257702
67,161,Bülach,Gemeinde,Rafz,1,,10683960.7379513,16478.7648280733
29,127,Andelfingen,Gemeinde,Flurlingen,1,,2413824.41702654,9061.2784469792
