﻿BFS,ARPS,BEZIRKSNAME,ART_TEXT,GEMEINDENAME,ART_CODE,AREA_ROUND,SHAPE.AREA,SHAPE.LEN
216,97,Winterthur,Gemeinde,Dinhard,1,7070153,7070153.35895111,16695.8153243351
172,75,Pfäffikon,Gemeinde,Fehraltorf,1,9470506,9470505.96548155,18005.4881822038
31,128,Andelfingen,Gemeinde,Henggart,1,3032908,3032907.61380391,10759.3223341334
33,130,Andelfingen,Gemeinde,Kleinandelfingen,1,10293234,10293234.3514984,23001.7606342406
94,69,Dielsdorf,Gemeinde,Otelfingen,1,7146621,7146620.66268649,17550.9297021493
2,14,Affoltern,Gemeinde,Affoltern am Albis,1,10592973,10592972.9138575,21956.1737270892
58,149,Bülach,Gemeinde,Glattfelden,1,11897108,11897107.6826086,21165.2929332966
191,53,Uster,Gemeinde,Dübendorf,1,13621278,13621277.6912681,21169.052443812
0,0, ,zu keiner Gemeinde gehörende Seefläche, ,3,8303099,8303099.25423487,18707.6114247992
197,60,Uster,Gemeinde,Schwerzenbach,1,2640713,2640712.89091505,8620.05896604111
194,78,Uster,Gemeinde,Greifensee,1,2287770,2287770.29538249,9825.61488795658
64,57,Bülach,Gemeinde,Nürensdorf,1,10041911,10041910.6904161,18477.4154052399
65,158,Bülach,Gemeinde,Oberembrach,1,10256585,10256584.733957,19585.5251584155
213,94,Winterthur,Gemeinde,Brütten,1,6596849,6596848.73498098,13729.6819245112
215,96,Winterthur,Gemeinde,Dättlikon,1,2883737,2883737.03655587,9159.44625500977
223,107,Winterthur,Gemeinde,Neftenbach,1,15068195,15068194.7912449,22646.8090657464
38,135,Andelfingen,Gemeinde,Rheinau,1,8944544,8944543.99817098,21484.7409551883
218,99,Winterthur,Gemeinde,Ellikon an der Thur,1,5017273,5017273.35922745,12172.625871304
294,504,Winterthur,Gemeinde,Elgg,1,24393085,24393085.2346638,32602.640037166
153,42,Meilen,Gemeinde,Hombrechtikon,1,12187429,12187428.8795564,20454.4363805777
115,77,Hinwil,Gemeinde,Gossau (ZH),1,18262162,18262162.239663,27467.5621583575
30,119,Andelfingen,Gemeinde,Andelfingen,1,6735109,6735109.07137367,18071.4390575674
41,138,Andelfingen,Gemeinde,Truttikon,1,4410939,4410938.82601213,10920.3309916763
250,11,Dietikon,Gemeinde,Urdorf,1,7582752,7582752.27279144,14306.5567669816
242,3,Dietikon,Gemeinde,Birmensdorf (ZH),1,11417913,11417912.7717437,23189.9144741924
91,157,Dielsdorf,Gemeinde,Niederweningen,1,6844657,6844657.11104298,16979.3878813132
96,70,Dielsdorf,Gemeinde,Regensdorf,1,14621078,14621077.7052353,20170.589713332
100,166,Dielsdorf,Gemeinde,Stadel,1,12885619,12885619.3851123,18605.4401925773
97,59,Dielsdorf,Gemeinde,Rümlang,1,12413719,12413718.7525645,18878.7069352988
68,163,Bülach,Gemeinde,Rorbas,1,4436072,4436072.39359977,11939.3198019247
57,148,Bülach,Gemeinde,Freienstein-Teufen,1,8403997,8403997.07128576,16584.6251280037
28,126,Andelfingen,Gemeinde,Flaach,1,10174221,10174221.1406184,16860.8101548133
193,54,Uster,Gemeinde,Fällanden,1,6350781,6350781.30181831,13277.5293470404
54,52,Bülach,Gemeinde,Dietlikon,1,4247795,4247795.37708259,12679.5726910647
176,106,Pfäffikon,Gemeinde,Lindau,1,11987164,11987163.8005574,23385.2570844296
22,120,Andelfingen,Gemeinde,Benken (ZH),1,5656950,5656949.93406586,13682.7315195983
221,102,Winterthur,Gemeinde,Hettlingen,1,5899757,5899756.88640214,13863.0404828555
211,118,Winterthur,Gemeinde,Altikon,1,7697251,7697251.06582438,13908.1447806415
219,100,Winterthur,Gemeinde,Elsau,1,8067389,8067389.07737171,17827.2175253544
117,80,Hinwil,Gemeinde,Hinwil,1,22281681,22281681.2200555,33253.6616255375
173,81,Pfäffikon,Gemeinde,Hittnau,1,12955399,12955399.0969377,20612.4892885246
297,501,Pfäffikon,Gemeinde,Bauma,1,29531862,29531862.2872835,33141.502549868
112,73,Hinwil,Gemeinde,Bubikon,1,11612567,11612567.059661,19109.5757748621
178,84,Pfäffikon,Gemeinde,Russikon,1,14214569,14214568.7960376,22158.1534341406
231,116,Winterthur,Gemeinde,Zell (ZH),1,12973786,12973785.7442742,23044.3067402129
32,129,Andelfingen,Gemeinde,Humlikon,1,3677908,3677907.70117415,14757.3797286772
158,47,Meilen,Gemeinde,Stäfa,1,8579449,8579448.9555285,19382.5039729489
11,23,Affoltern,Gemeinde,Ottenbach,1,5021952,5021951.87933616,11355.2532450251
244,5,Dietikon,Gemeinde,Geroldswil,1,1933271,1933271.49271463,7597.26270292132
98,164,Dielsdorf,Gemeinde,Schleinikon,1,5679481,5679480.79302561,16098.969939149
8,20,Affoltern,Gemeinde,Maschwanden,1,4688029,4688029.17336912,10799.6062747058
12,24,Affoltern,Gemeinde,Rifferswil,1,6509792,6509791.98405747,15891.2533675368
247,8,Dietikon,Gemeinde,Schlieren,1,6593785,6593785.38689339,12979.5249691198
84,66,Dielsdorf,Gemeinde,Dällikon,1,4506355,4506355.13731043,9645.90101058936
245,6,Dietikon,Gemeinde,Oberengstringen,1,2153153,2153153.27869867,9146.49072152658
137,33,Horgen,Gemeinde,Oberrieden,1,2789214,2789213.85143763,8615.55864872832
154,43,Meilen,Gemeinde,Küsnacht (ZH),1,12363826,12363826.1569506,24491.4668131774
35,132,Andelfingen,Gemeinde,Marthalen,1,14130255,14130254.9784812,25993.1515503011
34,131,Andelfingen,Gemeinde,Laufen-Uhwiesen,1,6281810,6281809.68725006,18498.5443849247
227,111,Winterthur,Gemeinde,Seuzach,1,7563497,7563497.24306497,15992.0691750114
230,115,Winterthur,Gemeinde,Winterthur,1,68070607,68070607.0636396,60434.9457826518
225,109,Winterthur,Gemeinde,Rickenbach (ZH),1,6025112,6025112.23110314,14271.8258797765
114,76,Hinwil,Gemeinde,Fischenthal,1,30241298,30241297.5631943,33158.1869942694
214,95,Winterthur,Gemeinde,Dägerlen,1,7954016,7954015.69924769,17891.1128111702
243,4,Dietikon,Gemeinde,Dietikon,1,9335031,9335030.93238556,24646.3682078106
87,68,Dielsdorf,Gemeinde,Hüttikon,1,1589113,1589113.01336829,7539.18020662737
85,67,Dielsdorf,Gemeinde,Dänikon,1,2865488,2865488.07345464,9120.56123035873
93,160,Dielsdorf,Gemeinde,Oberweningen,1,4944526,4944526.15420192,19100.2178182358
82,64,Dielsdorf,Gemeinde,Boppelsen,1,3964237,3964237.44028034,10603.535646165
7,19,Affoltern,Gemeinde,Knonau,1,6465999,6465999.40713037,15725.8717441764
9,21,Affoltern,Gemeinde,Mettmenstetten,1,13027040,13027040.0912703,26994.0355932604
241,2,Dietikon,Gemeinde,Aesch (ZH),1,5243921,5243921.02051513,11429.3497153225
5,17,Affoltern,Gemeinde,Hedingen,1,6529347,6529347.26730997,13764.0793798669
0,0, ,ausserkantonale Enklave (Kloster Fahr), ,4,14869,14869.3873673,538.014962315254
251,12,Dietikon,Gemeinde,Weiningen (ZH),1,5374287,5374287.3778672,13297.7292875855
83,65,Dielsdorf,Gemeinde,Buchs (ZH),1,5842744,5842744.32396317,13698.0008249649
59,150,Bülach,Gemeinde,Hochfelden,1,6168778,6168778.36428404,12951.0437842419
55,146,Bülach,Gemeinde,Eglisau,1,9062486,9062486.28050291,25599.9613718502
58,149,Bülach,Exklave einer Gemeinde,Glattfelden,2,396119,396118.61465623,2835.68685541069
66,58,Bülach,Gemeinde,Opfikon,1,5587598,5587597.81284154,12556.2512280315
72,171,Bülach,Gemeinde,Winkel,1,8113264,8113264.11322266,18340.8760257702
138,34,Horgen,Gemeinde,Richterswil,1,7530865,7530865.33874457,14456.7503406245
200,63,Uster,Gemeinde,Wangen-Brüttisellen,1,7918930,7918929.99521488,14270.0013129206
24,122,Andelfingen,Gemeinde,Buch am Irchel,1,10209850,10209850.1981681,19135.6153844568
155,44,Meilen,Gemeinde,Männedorf,1,4763207,4763206.57546366,11140.2186441434
157,46,Meilen,Gemeinde,Oetwil am See,1,6107148,6107147.84480943,14730.7736930019
196,82,Uster,Gemeinde,Mönchaltorf,1,7261656,7261656.07316194,17588.6051505002
0,0, ,zu keiner Gemeinde gehörende Seefläche, ,3,55903756,55903756.0579324,75420.8610732626
196,82,Uster,Exklave einer Gemeinde,Mönchaltorf,2,316611,316611.41925765,3834.99863284905
177,83,Pfäffikon,Gemeinde,Pfäffikon,1,19524728,19524727.9542501,35683.7761346663
180,113,Pfäffikon,Gemeinde,Weisslingen,1,12807804,12807804.4959185,20824.1523215927
95,162,Dielsdorf,Gemeinde,Regensberg,1,2366116,2366116.25608261,10469.0999748009
1,13,Affoltern,Gemeinde,Aeugst am Albis,1,7912318,7912318.28534989,14887.4220704043
249,10,Dietikon,Gemeinde,Unterengstringen,1,3336932,3336931.98805667,12624.2423964241
101,167,Dielsdorf,Gemeinde,Steinmaur,1,9392960,9392959.92320569,20453.5737061173
70,168,Bülach,Gemeinde,Wasterkingen,1,3958535,3958534.77078423,9941.25141863816
136,32,Horgen,Gemeinde,Langnau am Albis,1,8665825,8665825.01753032,16021.0553333137
4,16,Affoltern,Gemeinde,Hausen am Albis,1,13602407,13602407.4029118,23498.707546822
131,27,Horgen,Gemeinde,Adliswil,1,7768042,7768042.24731899,14890.596911691
135,31,Horgen,Gemeinde,Kilchberg (ZH),1,2578563,2578563.05060925,8868.57037747181
139,35,Horgen,Gemeinde,Rüschlikon,1,2933745,2933745.25627637,8881.19543094788
56,147,Bülach,Gemeinde,Embrach,1,12695326,12695325.7499897,19450.5001267779
293,505,Horgen,Gemeinde,Wädenswil,1,35614744,35614743.652699,37007.9810456253
292,506,Andelfingen,Gemeinde,Stammheim,1,23953805,23953805.3721778,27393.7366024123
113,74,Hinwil,Gemeinde,Dürnten,1,10217875,10217875.2197867,18001.5351974135
118,85,Hinwil,Gemeinde,Rüti (ZH),1,10059085,10059084.567004,19402.4822459415
111,71,Hinwil,Gemeinde,Bäretswil,1,22191884,22191884.2434411,29230.2086745389
181,91,Pfäffikon,Gemeinde,Wila,1,9189228,9189228.21410959,29373.2685603424
116,79,Hinwil,Gemeinde,Grüningen,1,8784456,8784455.77987379,16796.7710651077
119,86,Hinwil,Gemeinde,Seegräben,1,3772487,3772487.44002515,10108.2641681456
296,502,Pfäffikon,Gemeinde,Illnau-Effretikon,1,32906365,32906364.5631202,36274.7858500888
37,134,Andelfingen,Gemeinde,Ossingen,1,13092010,13092009.5792562,27696.1624312683
10,22,Affoltern,Gemeinde,Obfelden,1,7543833,7543832.5447411,15915.5885890054
246,7,Dietikon,Gemeinde,Oetwil an der Limmat,1,2765208,2765207.72690531,10015.7903253836
6,18,Affoltern,Gemeinde,Kappel am Albis,1,7914870,7914869.76210712,18910.4551744128
13,25,Affoltern,Gemeinde,Stallikon,1,12017496,12017495.8312727,24301.8795554015
88,154,Dielsdorf,Gemeinde,Neerach,1,6042055,6042054.70289359,13583.1427165301
161,49,Meilen,Gemeinde,Zollikon,1,7854664,7854663.62000191,15610.4333246409
92,159,Dielsdorf,Gemeinde,Oberglatt,1,8248614,8248613.88199534,16843.9488524644
51,142,Bülach,Gemeinde,Bachenbülach,1,4314161,4314161.25179519,13098.772368316
156,45,Meilen,Gemeinde,Meilen,1,11938771,11938770.9994633,20185.6295017998
151,40,Meilen,Gemeinde,Erlenbach (ZH),1,2886453,2886452.5143006,12947.7892208575
160,50,Meilen,Gemeinde,Zumikon,1,5480729,5480728.80546153,13591.9244696534
26,124,Andelfingen,Gemeinde,Dorf,1,5557165,5557164.7444375,13633.4334154629
39,136,Andelfingen,Gemeinde,Thalheim an der Thur,1,6442349,6442349.26345526,15050.5688620412
120,89,Hinwil,Gemeinde,Wald (ZH),1,25264911,25264911.1050476,33893.424490482
182,92,Pfäffikon,Gemeinde,Wildberg,1,10566255,10566254.9792219,25557.1907183253
121,90,Hinwil,Gemeinde,Wetzikon (ZH),1,16808304,16808303.5887775,27976.7598421119
40,137,Andelfingen,Gemeinde,Trüllikon,1,9556234,9556234.20509219,20137.3826858756
21,117,Andelfingen,Gemeinde,Adlikon,1,6575080,6575079.83426876,23577.1648293872
99,165,Dielsdorf,Gemeinde,Schöfflisdorf,1,4012750,4012750.4162758,14242.6003398666
14,26,Affoltern,Gemeinde,Wettswil am Albis,1,3770521,3770520.50089875,11544.8981207238
3,15,Affoltern,Gemeinde,Bonstetten,1,7430723,7430723.40506542,16043.4880773961
261,1,Zürich,Gemeinde,Zürich,1,91881145,91881144.9287167,58640.3218869233
248,9,Dietikon,Gemeinde,Uitikon,1,4378205,4378204.98504875,14116.0447778267
89,155,Dielsdorf,Gemeinde,Niederglatt,1,3603338,3603337.97141136,11123.196484249
60,151,Bülach,Gemeinde,Höri,1,4786370,4786369.96308037,12788.3531143863
102,169,Dielsdorf,Gemeinde,Weiach,1,9577697,9577697.2333201,15021.1149547382
71,170,Bülach,Gemeinde,Wil (ZH),1,8937657,8937657.34739006,18776.6064618669
141,37,Horgen,Gemeinde,Thalwil,1,5504513,5504512.78845332,11640.7265128683
63,153,Bülach,Gemeinde,Lufingen,1,5180658,5180657.6906351,11897.7459818156
67,161,Bülach,Gemeinde,Rafz,1,10683961,10683960.7379513,16478.7648280733
159,48,Meilen,Gemeinde,Uetikon am See,1,3456841,3456840.70073419,9339.22896229924
52,51,Bülach,Gemeinde,Bassersdorf,1,9026382,9026381.84386419,17870.9806077881
43,140,Andelfingen,Gemeinde,Volken,1,3202403,3202403.23640629,11285.9581699855
298,500,Winterthur,Gemeinde,Wiesendangen,1,19174607,19174606.9765618,29292.786114955
220,101,Winterthur,Gemeinde,Hagenbuch,1,8126160,8126159.73966466,16164.3265863156
228,112,Winterthur,Gemeinde,Turbenthal,1,25217828,25217827.8326353,39195.1695589813
226,110,Winterthur,Gemeinde,Schlatt (ZH),1,8965606,8965605.55744909,17728.6578018243
81,143,Dielsdorf,Gemeinde,Bachs,1,9132138,9132138.25415705,17136.5679185295
90,156,Dielsdorf,Gemeinde,Niederhasli,1,11302783,11302783.070085,22599.9651602351
86,145,Dielsdorf,Gemeinde,Dielsdorf,1,5865063,5865062.69090199,14479.8691494363
61,152,Bülach,Gemeinde,Hüntwangen,1,4908509,4908509.19780016,10457.9748319054
295,503,Horgen,Gemeinde,Horgen,1,30827524,30827523.5664725,32535.6244779461
69,62,Bülach,Gemeinde,Wallisellen,1,6419113,6419112.69422733,14319.3278383243
62,55,Bülach,Gemeinde,Kloten,1,19272541,19272541.0507064,27685.4401825992
53,144,Bülach,Gemeinde,Bülach,1,16088764,16088763.7825649,23674.6793793545
23,121,Andelfingen,Gemeinde,Berg am Irchel,1,7012535,7012534.75124319,12640.5196500692
152,41,Meilen,Gemeinde,Herrliberg,1,8985739,8985738.89216405,15898.3341417796
195,56,Uster,Gemeinde,Maur,1,14772413,14772412.8151552,24064.0121221733
192,39,Uster,Gemeinde,Egg,1,14527979,14527979.1740871,24188.4181626526
199,61,Uster,Gemeinde,Volketswil,1,14042339,14042338.8700582,23877.4880449049
224,108,Winterthur,Gemeinde,Pfungen,1,4986722,4986721.56811403,12942.9018778051
25,123,Andelfingen,Gemeinde,Dachsen,1,2703040,2703040.05460729,9552.23615189754
29,127,Andelfingen,Gemeinde,Flurlingen,1,2413824,2413824.41702654,9061.2784469792
27,125,Andelfingen,Gemeinde,Feuerthalen,1,2481540,2481539.5182061,7990.95056625179
198,88,Uster,Gemeinde,Uster,1,28482541,28482541.147796,30071.6192198864
